id,user_id,entitlement_id,justification,created_on,approved_by,status
R00001,U0253,E0076,Business need,2025-04-23,U0189,approved
R00002,U0108,E0306,Business need,2025-04-05,U0037,approved
R00003,U0152,E0297,Business need,2025-07-15,U0264,approved
R00004,U0217,E0179,Business need,2025-06-16,U0102,approved
R00005,U0228,E0271,Business need,2025-04-06,U0094,approved
R00006,U0227,E0541,Business need,2025-06-29,U0150,approved
R00007,U0061,E0322,Business need,2025-04-24,U0054,approved
R00008,U0129,E0529,Business need,2025-05-17,U0094,approved
R00009,U0103,E0221,Business need,2025-04-03,U0139,approved
R00010,U0076,E0614,Business need,2025-07-20,U0257,approved
R00011,U0015,E0169,Business need,2025-06-10,U0038,approved
R00012,U0199,E0289,Business need,2025-06-01,U0244,approved
R00013,U0049,E0643,Business need,2025-06-17,U0044,approved
R00014,U0274,E0096,Business need,2025-07-11,U0045,approved
R00015,U0112,E0054,Business need,2025-04-14,U0179,approved
R00016,U0032,E0715,Business need,2025-04-08,U0248,approved
R00017,U0138,E0670,Business need,2025-03-28,U0038,approved
R00018,U0061,E0282,Business need,2025-04-13,U0194,approved
R00019,U0285,E0018,Business need,2025-04-28,U0276,approved
R00020,U0157,E0276,Business need,2025-06-12,U0061,approved
R00021,U0160,E0624,Business need,2025-06-28,U0046,approved
R00022,U0049,E0192,Business need,2025-06-14,U0034,approved
R00023,U0106,E0582,Business need,2025-06-21,U0001,approved
R00024,U0050,E0493,Business need,2025-04-12,U0027,approved
R00025,U0098,E0179,Business need,2025-04-27,U0222,approved
R00026,U0248,E0535,Business need,2025-04-16,U0226,approved
R00027,U0017,E0210,Business need,2025-05-27,U0135,approved
R00028,U0293,E0166,Business need,2025-04-22,U0140,approved
R00029,U0141,E0103,Business need,2025-06-28,U0032,approved
R00030,U0259,E0017,Business need,2025-06-22,U0185,approved
R00031,U0017,E0438,Business need,2025-04-18,U0239,approved
R00032,U0096,E0117,Business need,2025-04-13,U0292,approved
R00033,U0065,E0219,Business need,2025-07-02,U0186,approved
R00034,U0002,E0696,Business need,2025-04-24,U0002,approved
R00035,U0284,E0692,Business need,2025-07-21,U0039,approved
R00036,U0199,E0375,Business need,2025-04-30,U0019,approved
R00037,U0280,E0599,Business need,2025-06-19,U0083,approved
R00038,U0184,E0323,Business need,2025-07-20,U0077,approved
R00039,U0182,E0518,Business need,2025-05-02,U0241,approved
R00040,U0022,E0415,Business need,2025-05-16,U0275,approved
R00041,U0016,E0186,Business need,2025-05-19,U0162,approved
R00042,U0172,E0702,Business need,2025-07-22,U0256,approved
R00043,U0232,E0419,Business need,2025-05-01,U0245,approved
R00044,U0180,E0203,Business need,2025-06-19,U0272,approved
R00045,U0119,E0741,Business need,2025-04-07,U0271,approved
R00046,U0063,E0097,Business need,2025-05-16,U0258,approved
R00047,U0171,E0457,Business need,2025-06-01,U0137,approved
R00048,U0284,E0281,Business need,2025-05-17,U0149,approved
R00049,U0125,E0556,Business need,2025-06-03,U0102,approved
R00050,U0227,E0666,Business need,2025-04-10,U0095,approved
R00051,U0069,E0639,Business need,2025-04-24,U0204,approved
R00052,U0226,E0200,Business need,2025-04-12,U0297,approved
R00053,U0003,E0623,Business need,2025-03-24,U0183,approved
R00054,U0093,E0022,Business need,2025-06-19,U0233,approved
R00055,U0000,E0671,Business need,2025-04-26,U0062,approved
R00056,U0212,E0168,Business need,2025-07-01,U0069,approved
R00057,U0058,E0402,Business need,2025-06-23,U0084,approved
R00058,U0298,E0333,Business need,2025-07-24,U0166,approved
R00059,U0238,E0538,Business need,2025-04-11,U0029,approved
R00060,U0233,E0677,Business need,2025-06-02,U0216,approved
R00061,U0048,E0050,Business need,2025-05-03,U0036,approved
R00062,U0181,E0059,Business need,2025-06-06,U0061,approved
R00063,U0232,E0720,Business need,2025-06-02,U0013,approved
R00064,U0208,E0529,Business need,2025-05-15,U0213,approved
R00065,U0151,E0322,Business need,2025-04-23,U0181,approved
R00066,U0126,E0392,Business need,2025-04-17,U0007,approved
R00067,U0063,E0732,Business need,2025-05-30,U0088,approved
R00068,U0032,E0334,Business need,2025-06-24,U0008,approved
R00069,U0236,E0106,Business need,2025-07-10,U0062,approved
R00070,U0279,E0179,Business need,2025-06-04,U0124,approved
R00071,U0137,E0411,Business need,2025-06-21,U0238,approved
R00072,U0210,E0436,Business need,2025-05-09,U0273,approved
R00073,U0192,E0012,Business need,2025-04-02,U0006,approved
R00074,U0063,E0045,Business need,2025-05-12,U0097,approved
R00075,U0044,E0128,Business need,2025-04-17,U0240,approved
R00076,U0033,E0094,Business need,2025-07-10,U0157,approved
R00077,U0243,E0085,Business need,2025-04-05,U0186,approved
R00078,U0276,E0498,Business need,2025-06-02,U0088,approved
R00079,U0184,E0222,Business need,2025-04-25,U0206,approved
R00080,U0210,E0593,Business need,2025-05-30,U0255,approved
R00081,U0090,E0391,Business need,2025-07-10,U0213,approved
R00082,U0243,E0047,Business need,2025-07-17,U0158,approved
R00083,U0138,E0672,Business need,2025-07-09,U0260,approved
R00084,U0027,E0655,Business need,2025-06-18,U0035,approved
R00085,U0159,E0102,Business need,2025-07-01,U0204,approved
R00086,U0084,E0691,Business need,2025-06-09,U0256,approved
R00087,U0129,E0319,Business need,2025-05-15,U0064,approved
R00088,U0292,E0138,Business need,2025-04-20,U0198,approved
R00089,U0215,E0297,Business need,2025-06-17,U0260,approved
R00090,U0259,E0506,Business need,2025-04-30,U0155,approved
R00091,U0206,E0578,Business need,2025-04-21,U0165,approved
R00092,U0184,E0547,Business need,2025-06-10,U0235,approved
R00093,U0293,E0539,Business need,2025-06-30,U0231,approved
R00094,U0018,E0306,Business need,2025-06-18,U0150,approved
R00095,U0187,E0600,Business need,2025-04-21,U0007,approved
R00096,U0041,E0294,Business need,2025-07-11,U0036,approved
R00097,U0178,E0392,Business need,2025-06-30,U0194,approved
R00098,U0009,E0538,Business need,2025-05-15,U0135,approved
R00099,U0134,E0606,Business need,2025-07-02,U0034,approved
R00100,U0020,E0679,Business need,2025-07-13,U0128,approved
R00101,U0016,E0604,Business need,2025-06-15,U0094,approved
R00102,U0287,E0113,Business need,2025-07-23,U0041,approved
R00103,U0186,E0372,Business need,2025-03-31,U0096,approved
R00104,U0227,E0587,Business need,2025-05-27,U0189,approved
R00105,U0227,E0493,Business need,2025-05-14,U0096,approved
R00106,U0215,E0293,Business need,2025-05-20,U0014,approved
R00107,U0126,E0500,Business need,2025-07-02,U0115,approved
R00108,U0205,E0628,Business need,2025-05-04,U0284,approved
R00109,U0093,E0023,Business need,2025-06-25,U0190,approved
R00110,U0183,E0322,Business need,2025-04-30,U0178,approved
R00111,U0015,E0418,Business need,2025-07-17,U0125,approved
R00112,U0154,E0733,Business need,2025-05-22,U0188,approved
R00113,U0129,E0719,Business need,2025-04-18,U0006,approved
R00114,U0282,E0685,Business need,2025-06-10,U0034,approved
R00115,U0214,E0532,Business need,2025-06-08,U0025,approved
R00116,U0028,E0673,Business need,2025-07-13,U0123,approved
R00117,U0256,E0644,Business need,2025-05-01,U0196,approved
R00118,U0229,E0353,Business need,2025-04-14,U0129,approved
R00119,U0252,E0541,Business need,2025-04-12,U0214,approved
R00120,U0295,E0182,Business need,2025-06-23,U0087,approved
R00121,U0218,E0690,Business need,2025-05-06,U0017,approved
R00122,U0184,E0239,Business need,2025-04-12,U0156,approved
R00123,U0223,E0001,Business need,2025-05-31,U0129,approved
R00124,U0274,E0293,Business need,2025-05-03,U0107,approved
R00125,U0005,E0376,Business need,2025-03-27,U0002,approved
R00126,U0274,E0648,Business need,2025-03-26,U0160,approved
R00127,U0291,E0211,Business need,2025-03-26,U0101,approved
R00128,U0203,E0200,Business need,2025-06-26,U0272,approved
R00129,U0025,E0590,Business need,2025-04-04,U0138,approved
R00130,U0089,E0360,Business need,2025-04-19,U0241,approved
R00131,U0101,E0484,Business need,2025-05-26,U0196,approved
R00132,U0131,E0049,Business need,2025-05-16,U0195,approved
R00133,U0107,E0323,Business need,2025-06-10,U0261,approved
R00134,U0255,E0387,Business need,2025-03-26,U0018,approved
R00135,U0125,E0414,Business need,2025-05-29,U0022,approved
R00136,U0211,E0329,Business need,2025-07-17,U0214,approved
R00137,U0061,E0653,Business need,2025-04-09,U0212,approved
R00138,U0153,E0093,Business need,2025-06-30,U0033,approved
R00139,U0183,E0226,Business need,2025-04-07,U0071,approved
R00140,U0112,E0558,Business need,2025-06-21,U0143,approved
R00141,U0193,E0169,Business need,2025-07-11,U0163,approved
R00142,U0151,E0535,Business need,2025-04-29,U0100,approved
R00143,U0263,E0188,Business need,2025-05-28,U0232,approved
R00144,U0103,E0040,Business need,2025-06-01,U0036,approved
R00145,U0100,E0299,Business need,2025-07-20,U0045,approved
R00146,U0201,E0248,Business need,2025-06-30,U0230,approved
R00147,U0248,E0566,Business need,2025-06-06,U0190,approved
R00148,U0269,E0454,Business need,2025-06-28,U0114,approved
R00149,U0099,E0429,Business need,2025-04-30,U0088,approved
R00150,U0053,E0683,Business need,2025-06-12,U0095,approved
R00151,U0189,E0422,Business need,2025-07-21,U0085,approved
R00152,U0079,E0029,Business need,2025-06-03,U0292,approved
R00153,U0295,E0266,Business need,2025-05-15,U0212,approved
R00154,U0077,E0297,Business need,2025-06-06,U0190,approved
R00155,U0071,E0445,Business need,2025-07-01,U0033,approved
R00156,U0018,E0269,Business need,2025-04-30,U0196,approved
R00157,U0026,E0729,Business need,2025-07-27,U0255,approved
R00158,U0201,E0675,Business need,2025-05-17,U0163,approved
R00159,U0017,E0578,Business need,2025-05-19,U0232,approved
R00160,U0178,E0213,Business need,2025-05-29,U0294,approved
R00161,U0211,E0642,Business need,2025-05-10,U0095,approved
R00162,U0119,E0612,Business need,2025-04-26,U0017,approved
R00163,U0215,E0347,Business need,2025-07-19,U0001,approved
R00164,U0026,E0455,Business need,2025-04-24,U0256,approved
R00165,U0166,E0303,Business need,2025-07-16,U0002,approved
R00166,U0222,E0269,Business need,2025-04-12,U0185,approved
R00167,U0079,E0083,Business need,2025-04-20,U0090,approved
R00168,U0062,E0589,Business need,2025-04-25,U0124,approved
R00169,U0291,E0579,Business need,2025-06-11,U0125,approved
R00170,U0283,E0456,Business need,2025-06-05,U0177,approved
R00171,U0082,E0341,Business need,2025-06-14,U0169,approved
R00172,U0278,E0003,Business need,2025-07-12,U0145,approved
R00173,U0107,E0310,Business need,2025-06-23,U0250,approved
R00174,U0148,E0084,Business need,2025-05-18,U0109,approved
R00175,U0216,E0310,Business need,2025-05-04,U0170,approved
R00176,U0209,E0239,Business need,2025-07-04,U0224,approved
R00177,U0104,E0439,Business need,2025-05-31,U0283,approved
R00178,U0170,E0624,Business need,2025-05-12,U0070,approved
R00179,U0229,E0370,Business need,2025-07-18,U0166,approved
R00180,U0104,E0362,Business need,2025-04-11,U0236,approved
R00181,U0062,E0608,Business need,2025-07-09,U0065,approved
R00182,U0065,E0093,Business need,2025-05-07,U0001,approved
R00183,U0263,E0504,Business need,2025-05-09,U0203,approved
R00184,U0191,E0212,Business need,2025-06-02,U0150,approved
R00185,U0248,E0410,Business need,2025-06-16,U0146,approved
R00186,U0090,E0100,Business need,2025-06-04,U0144,approved
R00187,U0267,E0497,Business need,2025-03-24,U0165,approved
R00188,U0132,E0696,Business need,2025-06-28,U0017,approved
R00189,U0156,E0238,Business need,2025-06-15,U0128,approved
R00190,U0243,E0530,Business need,2025-07-03,U0100,approved
R00191,U0216,E0059,Business need,2025-06-16,U0290,approved
R00192,U0000,E0523,Business need,2025-03-28,U0188,approved
R00193,U0164,E0508,Business need,2025-04-03,U0228,approved
R00194,U0060,E0720,Business need,2025-07-12,U0062,approved
R00195,U0220,E0580,Business need,2025-05-01,U0098,approved
R00196,U0196,E0742,Business need,2025-06-16,U0040,approved
R00197,U0031,E0682,Business need,2025-04-26,U0289,approved
R00198,U0278,E0465,Business need,2025-06-13,U0048,approved
R00199,U0110,E0081,Business need,2025-07-07,U0057,approved
R00200,U0256,E0425,Business need,2025-05-23,U0022,approved
R00201,U0066,E0716,Business need,2025-04-07,U0127,approved
R00202,U0033,E0228,Business need,2025-06-28,U0222,approved
R00203,U0043,E0207,Business need,2025-04-01,U0228,approved
R00204,U0248,E0512,Business need,2025-04-17,U0137,approved
R00205,U0281,E0222,Business need,2025-07-20,U0263,approved
R00206,U0014,E0654,Business need,2025-07-04,U0218,approved
R00207,U0135,E0456,Business need,2025-05-20,U0245,approved
R00208,U0140,E0443,Business need,2025-07-17,U0185,approved
R00209,U0090,E0286,Business need,2025-06-21,U0036,approved
R00210,U0114,E0226,Business need,2025-04-12,U0241,approved
R00211,U0033,E0654,Business need,2025-06-02,U0136,approved
R00212,U0271,E0203,Business need,2025-04-26,U0269,approved
R00213,U0163,E0266,Business need,2025-05-02,U0191,approved
R00214,U0262,E0530,Business need,2025-05-23,U0099,approved
R00215,U0126,E0412,Business need,2025-04-30,U0121,approved
R00216,U0202,E0320,Business need,2025-07-19,U0124,approved
R00217,U0189,E0368,Business need,2025-07-09,U0184,approved
R00218,U0213,E0306,Business need,2025-04-14,U0077,approved
R00219,U0032,E0157,Business need,2025-06-17,U0298,approved
R00220,U0160,E0427,Business need,2025-04-02,U0242,approved
R00221,U0152,E0200,Business need,2025-04-12,U0191,approved
R00222,U0080,E0439,Business need,2025-03-25,U0238,approved
R00223,U0018,E0383,Business need,2025-05-06,U0090,approved
R00224,U0263,E0368,Business need,2025-07-15,U0017,approved
R00225,U0066,E0217,Business need,2025-06-03,U0075,approved
R00226,U0125,E0550,Business need,2025-06-07,U0182,approved
R00227,U0299,E0434,Business need,2025-06-17,U0006,approved
R00228,U0073,E0264,Business need,2025-05-09,U0045,approved
R00229,U0282,E0287,Business need,2025-06-07,U0062,approved
R00230,U0250,E0480,Business need,2025-05-30,U0118,approved
R00231,U0089,E0087,Business need,2025-04-07,U0238,approved
R00232,U0276,E0624,Business need,2025-05-16,U0200,approved
R00233,U0071,E0148,Business need,2025-04-26,U0156,approved
R00234,U0093,E0596,Business need,2025-03-27,U0211,approved
R00235,U0014,E0433,Business need,2025-04-17,U0203,approved
R00236,U0077,E0524,Business need,2025-05-28,U0008,approved
R00237,U0222,E0380,Business need,2025-07-10,U0154,approved
R00238,U0071,E0027,Business need,2025-07-03,U0147,approved
R00239,U0077,E0583,Business need,2025-05-05,U0278,approved
R00240,U0093,E0704,Business need,2025-06-06,U0039,approved
R00241,U0219,E0403,Business need,2025-05-18,U0091,approved
R00242,U0090,E0388,Business need,2025-05-10,U0051,approved
R00243,U0158,E0154,Business need,2025-04-20,U0036,approved
R00244,U0131,E0069,Business need,2025-07-08,U0185,approved
R00245,U0219,E0035,Business need,2025-05-14,U0231,approved
R00246,U0043,E0335,Business need,2025-07-18,U0035,approved
R00247,U0169,E0534,Business need,2025-04-30,U0016,approved
R00248,U0162,E0083,Business need,2025-05-25,U0159,approved
R00249,U0289,E0239,Business need,2025-06-30,U0015,approved
R00250,U0136,E0241,Business need,2025-07-26,U0123,approved
R00251,U0114,E0363,Business need,2025-05-23,U0247,approved
R00252,U0170,E0198,Business need,2025-04-06,U0116,approved
R00253,U0222,E0346,Business need,2025-06-28,U0048,approved
R00254,U0095,E0665,Business need,2025-07-17,U0131,approved
R00255,U0284,E0516,Business need,2025-07-06,U0290,approved
R00256,U0262,E0072,Business need,2025-05-05,U0108,approved
R00257,U0266,E0506,Business need,2025-06-25,U0299,approved
R00258,U0093,E0276,Business need,2025-04-19,U0191,approved
R00259,U0144,E0091,Business need,2025-03-31,U0286,approved
R00260,U0239,E0720,Business need,2025-06-24,U0060,approved
R00261,U0178,E0265,Business need,2025-05-01,U0139,approved
R00262,U0235,E0176,Business need,2025-05-11,U0012,approved
R00263,U0023,E0726,Business need,2025-04-17,U0097,approved
R00264,U0212,E0445,Business need,2025-06-10,U0218,approved
R00265,U0136,E0714,Business need,2025-04-06,U0201,approved
R00266,U0192,E0079,Business need,2025-06-27,U0102,approved
R00267,U0127,E0487,Business need,2025-05-20,U0019,approved
R00268,U0271,E0288,Business need,2025-05-08,U0241,approved
R00269,U0138,E0523,Business need,2025-07-15,U0164,approved
R00270,U0098,E0420,Business need,2025-04-26,U0028,approved
R00271,U0263,E0302,Business need,2025-04-15,U0230,approved
R00272,U0127,E0717,Business need,2025-07-16,U0181,approved
R00273,U0184,E0666,Business need,2025-05-24,U0142,approved
R00274,U0052,E0044,Business need,2025-03-29,U0038,approved
R00275,U0125,E0234,Business need,2025-07-16,U0286,approved
R00276,U0021,E0446,Business need,2025-04-26,U0247,approved
R00277,U0274,E0006,Business need,2025-05-03,U0003,approved
R00278,U0119,E0501,Business need,2025-06-03,U0241,approved
R00279,U0087,E0372,Business need,2025-04-02,U0118,approved
R00280,U0082,E0702,Business need,2025-06-16,U0050,approved
R00281,U0096,E0323,Business need,2025-04-02,U0132,approved
R00282,U0258,E0323,Business need,2025-04-17,U0091,approved
R00283,U0099,E0634,Business need,2025-06-17,U0221,approved
R00284,U0149,E0352,Business need,2025-04-10,U0149,approved
R00285,U0148,E0655,Business need,2025-07-08,U0237,approved
R00286,U0245,E0719,Business need,2025-04-16,U0288,approved
R00287,U0289,E0481,Business need,2025-05-26,U0186,approved
R00288,U0291,E0318,Business need,2025-06-14,U0043,approved
R00289,U0010,E0554,Business need,2025-04-10,U0198,approved
R00290,U0224,E0495,Business need,2025-06-27,U0177,approved
R00291,U0208,E0214,Business need,2025-05-09,U0127,approved
R00292,U0021,E0745,Business need,2025-06-10,U0175,approved
R00293,U0015,E0162,Business need,2025-05-03,U0041,approved
R00294,U0063,E0156,Business need,2025-07-23,U0188,approved
R00295,U0114,E0547,Business need,2025-06-12,U0260,approved
R00296,U0241,E0048,Business need,2025-06-12,U0291,approved
R00297,U0053,E0099,Business need,2025-06-23,U0042,approved
R00298,U0070,E0190,Business need,2025-06-24,U0179,approved
R00299,U0291,E0133,Business need,2025-05-25,U0197,approved
R00300,U0086,E0735,Business need,2025-06-12,U0111,approved
R00301,U0283,E0649,Business need,2025-06-02,U0007,approved
R00302,U0240,E0007,Business need,2025-06-05,U0094,approved
R00303,U0277,E0419,Business need,2025-06-30,U0178,approved
R00304,U0264,E0033,Business need,2025-04-21,U0279,approved
R00305,U0062,E0024,Business need,2025-04-01,U0166,approved
R00306,U0112,E0506,Business need,2025-03-31,U0052,approved
R00307,U0036,E0086,Business need,2025-06-15,U0222,approved
R00308,U0148,E0343,Business need,2025-05-18,U0202,approved
R00309,U0227,E0047,Business need,2025-05-26,U0282,approved
R00310,U0017,E0594,Business need,2025-05-12,U0091,approved
R00311,U0216,E0280,Business need,2025-06-16,U0201,approved
R00312,U0219,E0552,Business need,2025-05-30,U0024,approved
R00313,U0240,E0466,Business need,2025-06-24,U0135,approved
R00314,U0229,E0716,Business need,2025-04-16,U0285,approved
R00315,U0097,E0648,Business need,2025-06-28,U0109,approved
R00316,U0071,E0577,Business need,2025-04-17,U0213,approved
R00317,U0007,E0266,Business need,2025-07-19,U0210,approved
R00318,U0051,E0491,Business need,2025-04-04,U0031,approved
R00319,U0210,E0482,Business need,2025-06-11,U0190,approved
R00320,U0225,E0124,Business need,2025-07-18,U0114,approved
R00321,U0049,E0527,Business need,2025-07-13,U0284,approved
R00322,U0273,E0395,Business need,2025-04-20,U0117,approved
R00323,U0064,E0693,Business need,2025-04-03,U0219,approved
R00324,U0018,E0665,Business need,2025-04-23,U0057,approved
R00325,U0193,E0721,Business need,2025-04-11,U0206,approved
R00326,U0098,E0384,Business need,2025-05-30,U0078,approved
R00327,U0230,E0061,Business need,2025-05-30,U0069,approved
R00328,U0222,E0263,Business need,2025-04-24,U0231,approved
R00329,U0058,E0278,Business need,2025-05-21,U0110,approved
R00330,U0006,E0211,Business need,2025-06-27,U0100,approved
R00331,U0053,E0522,Business need,2025-05-08,U0102,approved
R00332,U0023,E0273,Business need,2025-07-16,U0091,approved
R00333,U0037,E0732,Business need,2025-07-15,U0101,approved
R00334,U0174,E0681,Business need,2025-05-19,U0168,approved
R00335,U0285,E0518,Business need,2025-06-02,U0292,approved
R00336,U0175,E0702,Business need,2025-04-30,U0207,approved
R00337,U0046,E0242,Business need,2025-05-14,U0004,approved
R00338,U0108,E0039,Business need,2025-06-28,U0001,approved
R00339,U0273,E0139,Business need,2025-04-10,U0166,approved
R00340,U0118,E0400,Business need,2025-06-26,U0274,approved
R00341,U0043,E0114,Business need,2025-07-12,U0284,approved
R00342,U0261,E0366,Business need,2025-07-18,U0210,approved
R00343,U0234,E0120,Business need,2025-07-13,U0184,approved
R00344,U0211,E0485,Business need,2025-07-24,U0129,approved
R00345,U0012,E0426,Business need,2025-04-24,U0121,approved
R00346,U0004,E0601,Business need,2025-06-11,U0219,approved
R00347,U0067,E0392,Business need,2025-05-11,U0026,approved
R00348,U0270,E0689,Business need,2025-05-04,U0153,approved
R00349,U0192,E0122,Business need,2025-05-23,U0088,approved
R00350,U0145,E0716,Business need,2025-06-10,U0108,approved
R00351,U0205,E0363,Business need,2025-05-13,U0257,approved
R00352,U0225,E0671,Business need,2025-04-04,U0175,approved
R00353,U0287,E0346,Business need,2025-06-20,U0082,approved
R00354,U0139,E0044,Business need,2025-05-27,U0129,approved
R00355,U0010,E0035,Business need,2025-04-06,U0226,approved
R00356,U0282,E0560,Business need,2025-06-23,U0210,approved
R00357,U0044,E0068,Business need,2025-06-24,U0161,approved
R00358,U0159,E0176,Business need,2025-04-01,U0257,approved
R00359,U0177,E0354,Business need,2025-07-15,U0057,approved
R00360,U0228,E0525,Business need,2025-07-13,U0015,approved
R00361,U0146,E0368,Business need,2025-04-15,U0180,approved
R00362,U0207,E0090,Business need,2025-06-05,U0159,approved
R00363,U0225,E0184,Business need,2025-05-08,U0217,approved
R00364,U0169,E0293,Business need,2025-05-27,U0091,approved
R00365,U0087,E0230,Business need,2025-07-04,U0056,approved
R00366,U0211,E0271,Business need,2025-05-12,U0093,approved
R00367,U0187,E0536,Business need,2025-05-10,U0248,approved
R00368,U0069,E0132,Business need,2025-07-14,U0047,approved
R00369,U0122,E0604,Business need,2025-03-31,U0183,approved
R00370,U0268,E0483,Business need,2025-04-05,U0200,approved
R00371,U0283,E0500,Business need,2025-04-23,U0203,approved
R00372,U0146,E0324,Business need,2025-07-16,U0231,approved
R00373,U0273,E0006,Business need,2025-04-07,U0098,approved
R00374,U0221,E0655,Business need,2025-06-08,U0207,approved
R00375,U0117,E0659,Business need,2025-07-07,U0128,approved
R00376,U0069,E0014,Business need,2025-07-06,U0017,approved
R00377,U0223,E0277,Business need,2025-05-20,U0130,approved
R00378,U0185,E0545,Business need,2025-03-30,U0258,approved
R00379,U0040,E0221,Business need,2025-04-05,U0073,approved
R00380,U0248,E0563,Business need,2025-06-04,U0068,approved
R00381,U0298,E0420,Business need,2025-06-16,U0048,approved
R00382,U0065,E0124,Business need,2025-05-15,U0077,approved
R00383,U0147,E0613,Business need,2025-06-23,U0134,approved
R00384,U0025,E0127,Business need,2025-06-21,U0184,approved
R00385,U0092,E0405,Business need,2025-06-04,U0033,approved
R00386,U0227,E0534,Business need,2025-05-16,U0186,approved
R00387,U0230,E0578,Business need,2025-05-26,U0092,approved
R00388,U0213,E0500,Business need,2025-06-07,U0124,approved
R00389,U0221,E0191,Business need,2025-06-03,U0270,approved
R00390,U0121,E0599,Business need,2025-05-04,U0140,approved
R00391,U0048,E0572,Business need,2025-06-17,U0259,approved
R00392,U0232,E0449,Business need,2025-05-02,U0010,approved
R00393,U0157,E0146,Business need,2025-06-03,U0281,approved
R00394,U0287,E0251,Business need,2025-04-28,U0214,approved
R00395,U0154,E0394,Business need,2025-05-17,U0119,approved
R00396,U0110,E0311,Business need,2025-04-28,U0187,approved
R00397,U0010,E0726,Business need,2025-07-04,U0225,approved
R00398,U0237,E0357,Business need,2025-05-14,U0122,approved
R00399,U0161,E0585,Business need,2025-04-12,U0101,approved
R00400,U0246,E0251,Business need,2025-04-12,U0168,approved
R00401,U0079,E0236,Business need,2025-05-02,U0225,approved
R00402,U0210,E0177,Business need,2025-04-19,U0151,approved
R00403,U0096,E0054,Business need,2025-05-23,U0232,approved
R00404,U0106,E0049,Business need,2025-05-24,U0170,approved
R00405,U0221,E0704,Business need,2025-07-10,U0044,approved
R00406,U0199,E0095,Business need,2025-06-01,U0299,approved
R00407,U0125,E0091,Business need,2025-06-02,U0297,approved
R00408,U0016,E0744,Business need,2025-03-30,U0025,approved
R00409,U0159,E0406,Business need,2025-04-30,U0138,approved
R00410,U0234,E0046,Business need,2025-03-31,U0219,approved
R00411,U0040,E0098,Business need,2025-04-04,U0159,approved
R00412,U0087,E0231,Business need,2025-04-27,U0187,approved
R00413,U0076,E0449,Business need,2025-06-20,U0096,approved
R00414,U0045,E0142,Business need,2025-03-26,U0241,approved
R00415,U0284,E0463,Business need,2025-04-25,U0078,approved
R00416,U0008,E0669,Business need,2025-04-16,U0020,approved
R00417,U0242,E0183,Business need,2025-03-27,U0185,approved
R00418,U0186,E0263,Business need,2025-05-15,U0094,approved
R00419,U0000,E0528,Business need,2025-05-18,U0210,approved
R00420,U0036,E0659,Business need,2025-07-23,U0102,approved
R00421,U0298,E0559,Business need,2025-05-10,U0122,approved
R00422,U0260,E0044,Business need,2025-04-12,U0164,approved
R00423,U0165,E0018,Business need,2025-03-26,U0223,approved
R00424,U0218,E0361,Business need,2025-07-13,U0026,approved
R00425,U0204,E0639,Business need,2025-06-03,U0058,approved
R00426,U0013,E0576,Business need,2025-06-22,U0282,approved
R00427,U0027,E0124,Business need,2025-07-10,U0255,approved
R00428,U0047,E0749,Business need,2025-07-06,U0249,approved
R00429,U0136,E0204,Business need,2025-07-21,U0158,approved
R00430,U0045,E0408,Business need,2025-04-02,U0142,approved
R00431,U0003,E0593,Business need,2025-05-22,U0087,approved
R00432,U0142,E0050,Business need,2025-07-23,U0294,approved
R00433,U0299,E0653,Business need,2025-04-02,U0225,approved
R00434,U0230,E0049,Business need,2025-05-04,U0082,approved
R00435,U0287,E0064,Business need,2025-06-16,U0250,approved
R00436,U0127,E0344,Business need,2025-06-22,U0088,approved
R00437,U0244,E0322,Business need,2025-04-05,U0079,approved
R00438,U0180,E0026,Business need,2025-07-18,U0239,approved
R00439,U0194,E0559,Business need,2025-05-25,U0009,approved
R00440,U0132,E0535,Business need,2025-05-25,U0029,approved
R00441,U0081,E0730,Business need,2025-07-02,U0092,approved
R00442,U0132,E0683,Business need,2025-04-05,U0249,approved
R00443,U0170,E0347,Business need,2025-06-13,U0008,approved
R00444,U0221,E0749,Business need,2025-07-21,U0250,approved
R00445,U0279,E0030,Business need,2025-06-22,U0052,approved
R00446,U0118,E0543,Business need,2025-07-10,U0289,approved
R00447,U0232,E0605,Business need,2025-06-04,U0005,approved
R00448,U0213,E0727,Business need,2025-04-24,U0253,approved
R00449,U0276,E0064,Business need,2025-05-15,U0016,approved
R00450,U0161,E0337,Business need,2025-06-13,U0134,approved
R00451,U0234,E0687,Business need,2025-06-03,U0187,approved
R00452,U0088,E0051,Business need,2025-06-08,U0089,approved
R00453,U0155,E0351,Business need,2025-03-25,U0006,approved
R00454,U0182,E0566,Business need,2025-06-24,U0047,approved
R00455,U0271,E0015,Business need,2025-05-17,U0157,approved
R00456,U0110,E0412,Business need,2025-07-08,U0070,approved
R00457,U0004,E0654,Business need,2025-06-22,U0275,approved
R00458,U0129,E0049,Business need,2025-06-15,U0192,approved
R00459,U0065,E0452,Business need,2025-07-13,U0224,approved
R00460,U0144,E0632,Business need,2025-06-29,U0165,approved
R00461,U0226,E0643,Business need,2025-05-02,U0080,approved
R00462,U0253,E0179,Business need,2025-04-04,U0028,approved
R00463,U0298,E0079,Business need,2025-06-20,U0113,approved
R00464,U0030,E0385,Business need,2025-07-24,U0157,approved
R00465,U0025,E0445,Business need,2025-03-29,U0121,approved
R00466,U0028,E0207,Business need,2025-05-02,U0127,approved
R00467,U0096,E0398,Business need,2025-04-05,U0094,approved
R00468,U0254,E0557,Business need,2025-06-02,U0071,approved
R00469,U0125,E0532,Business need,2025-07-13,U0022,approved
R00470,U0221,E0703,Business need,2025-05-14,U0135,approved
R00471,U0117,E0282,Business need,2025-05-08,U0229,approved
R00472,U0046,E0630,Business need,2025-04-11,U0009,approved
R00473,U0288,E0283,Business need,2025-05-26,U0089,approved
R00474,U0014,E0061,Business need,2025-07-12,U0141,approved
R00475,U0153,E0112,Business need,2025-05-17,U0019,approved
R00476,U0128,E0292,Business need,2025-05-06,U0265,approved
R00477,U0274,E0285,Business need,2025-04-21,U0130,approved
R00478,U0248,E0269,Business need,2025-05-03,U0140,approved
R00479,U0217,E0546,Business need,2025-05-17,U0009,approved
R00480,U0044,E0673,Business need,2025-06-10,U0168,approved
R00481,U0106,E0557,Business need,2025-07-13,U0028,approved
R00482,U0186,E0488,Business need,2025-05-20,U0065,approved
R00483,U0052,E0135,Business need,2025-06-18,U0011,approved
R00484,U0101,E0096,Business need,2025-04-21,U0095,approved
R00485,U0179,E0172,Business need,2025-06-18,U0222,approved
R00486,U0209,E0082,Business need,2025-04-26,U0247,approved
R00487,U0171,E0381,Business need,2025-04-09,U0000,approved
R00488,U0166,E0169,Business need,2025-05-21,U0112,approved
R00489,U0172,E0541,Business need,2025-07-09,U0056,approved
R00490,U0225,E0396,Business need,2025-07-24,U0135,approved
R00491,U0017,E0611,Business need,2025-06-25,U0020,approved
R00492,U0138,E0052,Business need,2025-07-01,U0164,approved
R00493,U0206,E0210,Business need,2025-04-08,U0020,approved
R00494,U0011,E0070,Business need,2025-04-06,U0198,approved
R00495,U0235,E0478,Business need,2025-06-28,U0296,approved
R00496,U0084,E0562,Business need,2025-06-23,U0118,approved
R00497,U0231,E0575,Business need,2025-05-03,U0221,approved
R00498,U0039,E0377,Business need,2025-05-21,U0256,approved
R00499,U0002,E0628,Business need,2025-05-17,U0205,approved
R00500,U0049,E0623,Business need,2025-04-20,U0113,approved
R00501,U0017,E0704,Business need,2025-05-08,U0207,approved
R00502,U0023,E0057,Business need,2025-05-17,U0297,approved
R00503,U0084,E0551,Business need,2025-06-21,U0221,approved
R00504,U0265,E0730,Business need,2025-05-20,U0277,approved
R00505,U0136,E0663,Business need,2025-04-30,U0209,approved
R00506,U0014,E0170,Business need,2025-04-02,U0272,approved
R00507,U0169,E0381,Business need,2025-05-01,U0040,approved
R00508,U0233,E0162,Business need,2025-05-07,U0149,approved
R00509,U0075,E0462,Business need,2025-07-12,U0282,approved
R00510,U0162,E0718,Business need,2025-04-13,U0251,approved
R00511,U0251,E0278,Business need,2025-05-06,U0042,approved
R00512,U0232,E0672,Business need,2025-05-31,U0278,approved
R00513,U0163,E0109,Business need,2025-04-12,U0123,approved
R00514,U0029,E0464,Business need,2025-05-08,U0216,approved
R00515,U0042,E0735,Business need,2025-06-17,U0031,approved
R00516,U0003,E0641,Business need,2025-04-29,U0090,approved
R00517,U0160,E0700,Business need,2025-04-24,U0032,approved
R00518,U0295,E0399,Business need,2025-04-01,U0026,approved
R00519,U0076,E0477,Business need,2025-04-12,U0176,approved
R00520,U0091,E0066,Business need,2025-04-16,U0282,approved
R00521,U0094,E0607,Business need,2025-07-22,U0291,approved
R00522,U0197,E0039,Business need,2025-04-20,U0275,approved
R00523,U0032,E0041,Business need,2025-04-15,U0141,approved
R00524,U0264,E0258,Business need,2025-06-15,U0208,approved
R00525,U0212,E0467,Business need,2025-07-07,U0182,approved
R00526,U0010,E0504,Business need,2025-05-16,U0123,approved
R00527,U0155,E0729,Business need,2025-06-20,U0103,approved
R00528,U0274,E0649,Business need,2025-06-21,U0052,approved
R00529,U0008,E0400,Business need,2025-07-12,U0136,approved
R00530,U0125,E0484,Business need,2025-04-20,U0138,approved
R00531,U0109,E0634,Business need,2025-06-21,U0218,approved
R00532,U0130,E0481,Business need,2025-05-04,U0248,approved
R00533,U0165,E0001,Business need,2025-06-01,U0079,approved
R00534,U0160,E0026,Business need,2025-07-19,U0008,approved
R00535,U0167,E0716,Business need,2025-06-20,U0139,approved
R00536,U0182,E0073,Business need,2025-05-10,U0240,approved
R00537,U0158,E0304,Business need,2025-04-15,U0027,approved
R00538,U0091,E0572,Business need,2025-07-14,U0010,approved
R00539,U0281,E0092,Business need,2025-05-15,U0219,approved
R00540,U0071,E0486,Business need,2025-03-26,U0001,approved
R00541,U0097,E0449,Business need,2025-05-23,U0102,approved
R00542,U0253,E0550,Business need,2025-05-23,U0202,approved
R00543,U0187,E0458,Business need,2025-05-24,U0047,approved
R00544,U0048,E0721,Business need,2025-04-19,U0269,approved
R00545,U0056,E0480,Business need,2025-07-10,U0252,approved
R00546,U0167,E0631,Business need,2025-06-10,U0282,approved
R00547,U0120,E0001,Business need,2025-03-27,U0178,approved
R00548,U0287,E0667,Business need,2025-04-09,U0251,approved
R00549,U0050,E0330,Business need,2025-04-02,U0202,approved
R00550,U0276,E0408,Business need,2025-05-03,U0055,approved
R00551,U0277,E0057,Business need,2025-06-15,U0145,approved
R00552,U0053,E0203,Business need,2025-05-14,U0131,approved
R00553,U0255,E0116,Business need,2025-04-24,U0232,approved
R00554,U0087,E0184,Business need,2025-06-15,U0140,approved
R00555,U0043,E0429,Business need,2025-06-25,U0056,approved
R00556,U0291,E0310,Business need,2025-05-19,U0109,approved
R00557,U0052,E0212,Business need,2025-07-01,U0029,approved
R00558,U0264,E0045,Business need,2025-07-17,U0024,approved
R00559,U0127,E0260,Business need,2025-05-11,U0260,approved
R00560,U0060,E0082,Business need,2025-04-15,U0029,approved
R00561,U0210,E0621,Business need,2025-04-11,U0268,approved
R00562,U0000,E0194,Business need,2025-04-01,U0146,approved
R00563,U0145,E0508,Business need,2025-03-24,U0160,approved
R00564,U0161,E0551,Business need,2025-07-04,U0132,approved
R00565,U0066,E0099,Business need,2025-07-05,U0179,approved
R00566,U0028,E0021,Business need,2025-04-09,U0076,approved
R00567,U0162,E0674,Business need,2025-04-24,U0279,approved
R00568,U0219,E0322,Business need,2025-04-06,U0110,approved
R00569,U0274,E0349,Business need,2025-06-25,U0283,approved
R00570,U0106,E0658,Business need,2025-04-01,U0121,approved
R00571,U0082,E0564,Business need,2025-07-10,U0107,approved
R00572,U0284,E0243,Business need,2025-05-25,U0147,approved
R00573,U0189,E0096,Business need,2025-06-28,U0214,approved
R00574,U0096,E0332,Business need,2025-03-31,U0023,approved
R00575,U0286,E0619,Business need,2025-06-18,U0014,approved
R00576,U0235,E0006,Business need,2025-05-08,U0029,approved
R00577,U0098,E0345,Business need,2025-04-07,U0282,approved
R00578,U0293,E0624,Business need,2025-07-24,U0216,approved
R00579,U0076,E0568,Business need,2025-07-18,U0168,approved
R00580,U0076,E0117,Business need,2025-07-15,U0296,approved
R00581,U0140,E0344,Business need,2025-05-10,U0279,approved
R00582,U0047,E0124,Business need,2025-07-18,U0284,approved
R00583,U0000,E0151,Business need,2025-07-16,U0149,approved
R00584,U0291,E0639,Business need,2025-06-06,U0054,approved
R00585,U0118,E0137,Business need,2025-07-12,U0033,approved
R00586,U0146,E0093,Business need,2025-06-13,U0069,approved
R00587,U0226,E0275,Business need,2025-07-11,U0141,approved
R00588,U0246,E0730,Business need,2025-06-08,U0258,approved
R00589,U0030,E0413,Business need,2025-05-31,U0172,approved
R00590,U0075,E0612,Business need,2025-06-01,U0058,approved
R00591,U0029,E0435,Business need,2025-07-03,U0271,approved
R00592,U0133,E0749,Business need,2025-07-13,U0244,approved
R00593,U0089,E0102,Business need,2025-05-15,U0155,approved
R00594,U0048,E0664,Business need,2025-04-25,U0011,approved
R00595,U0070,E0689,Business need,2025-04-29,U0250,approved
R00596,U0112,E0400,Business need,2025-05-22,U0175,approved
R00597,U0116,E0441,Business need,2025-07-01,U0223,approved
R00598,U0101,E0355,Business need,2025-06-07,U0240,approved
R00599,U0016,E0377,Business need,2025-05-05,U0166,approved
R00600,U0266,E0710,Business need,2025-04-22,U0120,approved
R00601,U0290,E0239,Business need,2025-05-14,U0280,approved
R00602,U0288,E0615,Business need,2025-07-15,U0167,approved
R00603,U0069,E0181,Business need,2025-07-10,U0129,approved
R00604,U0136,E0415,Business need,2025-06-05,U0049,approved
R00605,U0049,E0133,Business need,2025-05-20,U0099,approved
R00606,U0103,E0726,Business need,2025-04-09,U0256,approved
R00607,U0041,E0637,Business need,2025-04-19,U0211,approved
R00608,U0230,E0354,Business need,2025-04-29,U0121,approved
R00609,U0066,E0573,Business need,2025-06-08,U0295,approved
R00610,U0164,E0226,Business need,2025-04-22,U0028,approved
R00611,U0031,E0432,Business need,2025-07-12,U0055,approved
R00612,U0112,E0193,Business need,2025-06-22,U0212,approved
R00613,U0049,E0534,Business need,2025-07-18,U0128,approved
R00614,U0280,E0699,Business need,2025-04-29,U0258,approved
R00615,U0056,E0548,Business need,2025-05-29,U0137,approved
R00616,U0198,E0508,Business need,2025-06-14,U0230,approved
R00617,U0050,E0660,Business need,2025-06-03,U0209,approved
R00618,U0269,E0696,Business need,2025-06-08,U0172,approved
R00619,U0273,E0018,Business need,2025-05-09,U0175,approved
R00620,U0023,E0237,Business need,2025-06-24,U0173,approved
R00621,U0182,E0494,Business need,2025-05-25,U0162,approved
R00622,U0083,E0202,Business need,2025-07-02,U0023,approved
R00623,U0198,E0415,Business need,2025-04-13,U0187,approved
R00624,U0032,E0557,Business need,2025-04-13,U0040,approved
R00625,U0042,E0364,Business need,2025-05-18,U0275,approved
R00626,U0146,E0262,Business need,2025-07-12,U0230,approved
R00627,U0070,E0439,Business need,2025-04-30,U0084,approved
R00628,U0011,E0480,Business need,2025-04-29,U0019,approved
R00629,U0138,E0601,Business need,2025-06-12,U0260,approved
R00630,U0147,E0690,Business need,2025-04-23,U0013,approved
R00631,U0224,E0295,Business need,2025-06-15,U0282,approved
R00632,U0297,E0677,Business need,2025-04-01,U0276,approved
R00633,U0185,E0465,Business need,2025-06-30,U0187,approved
R00634,U0257,E0592,Business need,2025-06-19,U0191,approved
R00635,U0145,E0432,Business need,2025-04-26,U0157,approved
R00636,U0158,E0091,Business need,2025-05-01,U0058,approved
R00637,U0137,E0515,Business need,2025-04-26,U0047,approved
R00638,U0194,E0576,Business need,2025-04-24,U0243,approved
R00639,U0139,E0698,Business need,2025-06-15,U0224,approved
R00640,U0071,E0632,Business need,2025-07-05,U0291,approved
R00641,U0191,E0373,Business need,2025-03-31,U0009,approved
R00642,U0056,E0449,Business need,2025-05-04,U0163,approved
R00643,U0093,E0321,Business need,2025-05-07,U0034,approved
R00644,U0099,E0468,Business need,2025-05-21,U0231,approved
R00645,U0240,E0578,Business need,2025-05-22,U0069,approved
R00646,U0127,E0384,Business need,2025-04-24,U0009,approved
R00647,U0088,E0043,Business need,2025-05-13,U0229,approved
R00648,U0052,E0406,Business need,2025-05-05,U0246,approved
R00649,U0069,E0507,Business need,2025-06-20,U0019,approved
R00650,U0252,E0743,Business need,2025-07-11,U0051,approved
R00651,U0041,E0049,Business need,2025-07-25,U0244,approved
R00652,U0109,E0177,Business need,2025-04-14,U0268,approved
R00653,U0284,E0001,Business need,2025-05-22,U0239,approved
R00654,U0091,E0716,Business need,2025-04-02,U0269,approved
R00655,U0108,E0336,Business need,2025-06-07,U0233,approved
R00656,U0037,E0208,Business need,2025-06-24,U0042,approved
R00657,U0233,E0291,Business need,2025-06-24,U0246,approved
R00658,U0192,E0104,Business need,2025-06-28,U0294,approved
R00659,U0131,E0445,Business need,2025-04-28,U0281,approved
R00660,U0095,E0651,Business need,2025-04-22,U0269,approved
R00661,U0123,E0556,Business need,2025-04-04,U0276,approved
R00662,U0062,E0199,Business need,2025-04-18,U0158,approved
R00663,U0166,E0137,Business need,2025-06-13,U0045,approved
R00664,U0283,E0012,Business need,2025-04-21,U0119,approved
R00665,U0090,E0550,Business need,2025-06-09,U0067,approved
R00666,U0040,E0149,Business need,2025-07-03,U0209,approved
R00667,U0216,E0069,Business need,2025-06-17,U0259,approved
R00668,U0056,E0265,Business need,2025-05-20,U0229,approved
R00669,U0042,E0354,Business need,2025-04-04,U0037,approved
R00670,U0225,E0112,Business need,2025-05-17,U0241,approved
R00671,U0298,E0651,Business need,2025-06-02,U0189,approved
R00672,U0284,E0487,Business need,2025-06-26,U0122,approved
R00673,U0017,E0525,Business need,2025-03-31,U0220,approved
R00674,U0045,E0009,Business need,2025-03-23,U0206,approved
R00675,U0068,E0096,Business need,2025-07-17,U0170,approved
R00676,U0025,E0245,Business need,2025-04-07,U0091,approved
R00677,U0266,E0739,Business need,2025-07-08,U0176,approved
R00678,U0079,E0513,Business need,2025-05-31,U0185,approved
R00679,U0292,E0648,Business need,2025-06-14,U0218,approved
R00680,U0155,E0737,Business need,2025-05-30,U0193,approved
R00681,U0070,E0484,Business need,2025-05-16,U0056,approved
R00682,U0115,E0288,Business need,2025-07-28,U0181,approved
R00683,U0130,E0152,Business need,2025-05-13,U0107,approved
R00684,U0006,E0208,Business need,2025-07-16,U0068,approved
R00685,U0106,E0169,Business need,2025-06-29,U0236,approved
R00686,U0201,E0694,Business need,2025-07-10,U0197,approved
R00687,U0026,E0460,Business need,2025-05-08,U0081,approved
R00688,U0187,E0408,Business need,2025-05-25,U0168,approved
R00689,U0152,E0434,Business need,2025-07-04,U0082,approved
R00690,U0168,E0720,Business need,2025-04-25,U0239,approved
R00691,U0203,E0179,Business need,2025-05-29,U0104,approved
R00692,U0251,E0199,Business need,2025-04-14,U0134,approved
R00693,U0134,E0081,Business need,2025-05-01,U0083,approved
R00694,U0003,E0278,Business need,2025-05-18,U0272,approved
R00695,U0122,E0250,Business need,2025-04-23,U0095,approved
R00696,U0046,E0203,Business need,2025-04-08,U0237,approved
R00697,U0228,E0080,Business need,2025-07-11,U0282,approved
R00698,U0271,E0391,Business need,2025-04-01,U0121,approved
R00699,U0029,E0221,Business need,2025-07-17,U0084,approved
R00700,U0208,E0333,Business need,2025-06-20,U0101,approved
R00701,U0290,E0538,Business need,2025-05-31,U0038,approved
R00702,U0077,E0259,Business need,2025-04-05,U0143,approved
R00703,U0228,E0373,Business need,2025-05-09,U0168,approved
R00704,U0253,E0026,Business need,2025-03-29,U0095,approved
R00705,U0118,E0103,Business need,2025-05-13,U0010,approved
R00706,U0241,E0692,Business need,2025-04-12,U0119,approved
R00707,U0145,E0197,Business need,2025-03-30,U0039,approved
R00708,U0079,E0382,Business need,2025-04-07,U0138,approved
R00709,U0129,E0117,Business need,2025-05-29,U0152,approved
R00710,U0005,E0105,Business need,2025-07-06,U0233,approved
R00711,U0032,E0296,Business need,2025-05-12,U0130,approved
R00712,U0085,E0014,Business need,2025-06-07,U0277,approved
R00713,U0075,E0713,Business need,2025-04-14,U0274,approved
R00714,U0065,E0334,Business need,2025-06-30,U0283,approved
R00715,U0226,E0534,Business need,2025-04-14,U0129,approved
R00716,U0055,E0381,Business need,2025-04-14,U0205,approved
R00717,U0000,E0186,Business need,2025-06-26,U0262,approved
R00718,U0130,E0153,Business need,2025-04-24,U0238,approved
R00719,U0063,E0106,Business need,2025-03-31,U0171,approved
R00720,U0046,E0351,Business need,2025-05-08,U0051,approved
R00721,U0261,E0503,Business need,2025-04-14,U0073,approved
R00722,U0037,E0239,Business need,2025-07-19,U0283,approved
R00723,U0024,E0696,Business need,2025-05-17,U0191,approved
R00724,U0239,E0108,Business need,2025-06-15,U0147,approved
R00725,U0042,E0020,Business need,2025-05-14,U0104,approved
R00726,U0173,E0641,Business need,2025-07-12,U0050,approved
R00727,U0221,E0593,Business need,2025-04-14,U0260,approved
R00728,U0285,E0019,Business need,2025-05-09,U0208,approved
R00729,U0181,E0622,Business need,2025-06-08,U0167,approved
R00730,U0255,E0451,Business need,2025-04-04,U0270,approved
R00731,U0153,E0702,Business need,2025-05-20,U0194,approved
R00732,U0151,E0186,Business need,2025-05-28,U0117,approved
R00733,U0170,E0657,Business need,2025-07-14,U0027,approved
R00734,U0275,E0487,Business need,2025-05-25,U0045,approved
R00735,U0019,E0526,Business need,2025-06-13,U0159,approved
R00736,U0166,E0498,Business need,2025-06-10,U0123,approved
R00737,U0284,E0626,Business need,2025-05-04,U0013,approved
R00738,U0036,E0374,Business need,2025-04-14,U0128,approved
R00739,U0213,E0531,Business need,2025-07-14,U0142,approved
R00740,U0138,E0025,Business need,2025-04-28,U0165,approved
R00741,U0295,E0535,Business need,2025-04-22,U0011,approved
R00742,U0083,E0227,Business need,2025-04-18,U0240,approved
R00743,U0011,E0241,Business need,2025-04-19,U0219,approved
R00744,U0023,E0276,Business need,2025-06-05,U0298,approved
R00745,U0260,E0204,Business need,2025-05-16,U0244,approved
R00746,U0209,E0467,Business need,2025-04-11,U0053,approved
R00747,U0102,E0370,Business need,2025-04-02,U0035,approved
R00748,U0268,E0400,Business need,2025-06-28,U0070,approved
R00749,U0068,E0174,Business need,2025-06-21,U0102,approved
R00750,U0268,E0101,Business need,2025-04-17,U0210,approved
R00751,U0177,E0428,Business need,2025-06-30,U0235,approved
R00752,U0284,E0180,Business need,2025-06-08,U0063,approved
R00753,U0285,E0503,Business need,2025-04-10,U0273,approved
R00754,U0156,E0040,Business need,2025-06-23,U0214,approved
R00755,U0064,E0019,Business need,2025-05-08,U0291,approved
R00756,U0102,E0180,Business need,2025-07-12,U0231,approved
R00757,U0063,E0468,Business need,2025-05-29,U0011,approved
R00758,U0132,E0615,Business need,2025-05-24,U0184,approved
R00759,U0154,E0026,Business need,2025-06-25,U0093,approved
R00760,U0047,E0104,Business need,2025-04-21,U0233,approved
R00761,U0186,E0193,Business need,2025-07-09,U0103,approved
R00762,U0292,E0507,Business need,2025-06-28,U0126,approved
R00763,U0143,E0274,Business need,2025-04-25,U0086,approved
R00764,U0219,E0587,Business need,2025-04-14,U0265,approved
R00765,U0248,E0296,Business need,2025-07-21,U0162,approved
R00766,U0201,E0365,Business need,2025-06-05,U0223,approved
R00767,U0101,E0482,Business need,2025-06-24,U0008,approved
R00768,U0223,E0061,Business need,2025-04-15,U0024,approved
R00769,U0163,E0090,Business need,2025-04-03,U0243,approved
R00770,U0083,E0460,Business need,2025-06-18,U0056,approved
R00771,U0136,E0396,Business need,2025-04-07,U0245,approved
R00772,U0003,E0720,Business need,2025-06-24,U0203,approved
R00773,U0026,E0429,Business need,2025-05-09,U0165,approved
R00774,U0141,E0717,Business need,2025-05-09,U0120,approved
R00775,U0254,E0240,Business need,2025-05-21,U0170,approved
R00776,U0134,E0055,Business need,2025-07-17,U0053,approved
R00777,U0035,E0199,Business need,2025-04-17,U0145,approved
R00778,U0040,E0682,Business need,2025-05-12,U0032,approved
R00779,U0114,E0154,Business need,2025-06-23,U0207,approved
R00780,U0118,E0613,Business need,2025-04-11,U0181,approved
R00781,U0177,E0303,Business need,2025-07-19,U0195,approved
R00782,U0116,E0410,Business need,2025-07-08,U0169,approved
R00783,U0192,E0613,Business need,2025-07-26,U0119,approved
R00784,U0244,E0720,Business need,2025-05-03,U0154,approved
R00785,U0261,E0717,Business need,2025-07-16,U0207,approved
R00786,U0053,E0226,Business need,2025-06-02,U0071,approved
R00787,U0003,E0613,Business need,2025-03-26,U0282,approved
R00788,U0036,E0734,Business need,2025-06-09,U0117,approved
R00789,U0267,E0142,Business need,2025-06-30,U0204,approved
R00790,U0197,E0428,Business need,2025-05-08,U0094,approved
R00791,U0197,E0535,Business need,2025-05-29,U0020,approved
R00792,U0016,E0559,Business need,2025-06-06,U0193,approved
R00793,U0131,E0148,Business need,2025-06-17,U0000,approved
R00794,U0040,E0153,Business need,2025-07-21,U0047,approved
R00795,U0034,E0016,Business need,2025-07-05,U0051,approved
R00796,U0260,E0664,Business need,2025-07-04,U0237,approved
R00797,U0281,E0006,Business need,2025-05-07,U0055,approved
R00798,U0046,E0314,Business need,2025-05-02,U0160,approved
R00799,U0185,E0737,Business need,2025-06-06,U0031,approved
R00800,U0265,E0030,Business need,2025-03-28,U0243,approved
R00801,U0021,E0734,Business need,2025-03-25,U0240,approved
R00802,U0209,E0323,Business need,2025-07-07,U0237,approved
R00803,U0210,E0735,Business need,2025-04-14,U0094,approved
R00804,U0029,E0367,Business need,2025-05-24,U0239,approved
R00805,U0007,E0622,Business need,2025-05-12,U0186,approved
R00806,U0005,E0066,Business need,2025-06-04,U0238,approved
R00807,U0269,E0173,Business need,2025-03-29,U0111,approved
R00808,U0051,E0353,Business need,2025-07-17,U0215,approved
R00809,U0223,E0008,Business need,2025-05-15,U0071,approved
R00810,U0079,E0381,Business need,2025-04-24,U0168,approved
R00811,U0080,E0014,Business need,2025-05-05,U0054,approved
R00812,U0011,E0337,Business need,2025-06-01,U0013,approved
R00813,U0029,E0310,Business need,2025-05-10,U0195,approved
R00814,U0205,E0456,Business need,2025-06-04,U0242,approved
R00815,U0218,E0426,Business need,2025-05-23,U0201,approved
R00816,U0031,E0624,Business need,2025-07-12,U0230,approved
R00817,U0235,E0084,Business need,2025-05-23,U0080,approved
R00818,U0299,E0253,Business need,2025-04-23,U0166,approved
R00819,U0067,E0612,Business need,2025-06-13,U0027,approved
R00820,U0110,E0080,Business need,2025-06-02,U0257,approved
R00821,U0117,E0324,Business need,2025-06-10,U0038,approved
R00822,U0297,E0120,Business need,2025-04-20,U0206,approved
R00823,U0156,E0022,Business need,2025-07-05,U0132,approved
R00824,U0063,E0674,Business need,2025-05-03,U0167,approved
R00825,U0087,E0229,Business need,2025-06-17,U0243,approved
R00826,U0187,E0578,Business need,2025-05-05,U0053,approved
R00827,U0094,E0009,Business need,2025-06-17,U0136,approved
R00828,U0149,E0500,Business need,2025-05-13,U0005,approved
R00829,U0197,E0421,Business need,2025-03-31,U0008,approved
R00830,U0168,E0558,Business need,2025-05-14,U0150,approved
R00831,U0229,E0129,Business need,2025-06-30,U0274,approved
R00832,U0042,E0552,Business need,2025-07-15,U0289,approved
R00833,U0170,E0238,Business need,2025-04-28,U0039,approved
R00834,U0154,E0504,Business need,2025-05-12,U0231,approved
R00835,U0260,E0534,Business need,2025-05-20,U0281,approved
R00836,U0291,E0289,Business need,2025-05-26,U0095,approved
R00837,U0108,E0180,Business need,2025-07-20,U0152,approved
R00838,U0192,E0076,Business need,2025-04-06,U0036,approved
R00839,U0142,E0643,Business need,2025-05-11,U0167,approved
R00840,U0207,E0664,Business need,2025-06-07,U0164,approved
R00841,U0026,E0554,Business need,2025-06-28,U0027,approved
R00842,U0280,E0576,Business need,2025-07-15,U0027,approved
R00843,U0293,E0352,Business need,2025-05-14,U0067,approved
R00844,U0178,E0106,Business need,2025-07-11,U0070,approved
R00845,U0105,E0485,Business need,2025-06-09,U0244,approved
R00846,U0219,E0293,Business need,2025-05-09,U0281,approved
R00847,U0238,E0509,Business need,2025-06-21,U0241,approved
R00848,U0288,E0735,Business need,2025-04-07,U0143,approved
R00849,U0138,E0000,Business need,2025-07-20,U0072,approved
R00850,U0093,E0528,Business need,2025-07-05,U0075,approved
R00851,U0054,E0003,Business need,2025-05-23,U0045,approved
R00852,U0121,E0084,Business need,2025-05-26,U0086,approved
R00853,U0216,E0382,Business need,2025-05-10,U0095,approved
R00854,U0017,E0348,Business need,2025-06-15,U0000,approved
R00855,U0066,E0399,Business need,2025-05-22,U0128,approved
R00856,U0090,E0125,Business need,2025-04-01,U0150,approved
R00857,U0257,E0370,Business need,2025-05-01,U0177,approved
R00858,U0210,E0293,Business need,2025-05-18,U0109,approved
R00859,U0126,E0024,Business need,2025-05-27,U0183,approved
R00860,U0097,E0147,Business need,2025-06-23,U0128,approved
R00861,U0287,E0521,Business need,2025-05-05,U0216,approved
R00862,U0140,E0146,Business need,2025-05-07,U0255,approved
R00863,U0243,E0724,Business need,2025-04-27,U0127,approved
R00864,U0056,E0220,Business need,2025-06-15,U0113,approved
R00865,U0081,E0384,Business need,2025-06-23,U0211,approved
R00866,U0066,E0076,Business need,2025-05-03,U0244,approved
R00867,U0141,E0265,Business need,2025-06-08,U0141,approved
R00868,U0265,E0560,Business need,2025-03-29,U0271,approved
R00869,U0166,E0114,Business need,2025-06-06,U0033,approved
R00870,U0236,E0654,Business need,2025-03-31,U0291,approved
R00871,U0122,E0704,Business need,2025-06-23,U0262,approved
R00872,U0299,E0107,Business need,2025-04-15,U0177,approved
R00873,U0026,E0606,Business need,2025-04-12,U0244,approved
R00874,U0162,E0415,Business need,2025-04-01,U0283,approved
R00875,U0196,E0261,Business need,2025-06-24,U0195,approved
R00876,U0180,E0676,Business need,2025-04-25,U0285,approved
R00877,U0048,E0081,Business need,2025-05-22,U0169,approved
R00878,U0069,E0723,Business need,2025-07-19,U0116,approved
R00879,U0205,E0383,Business need,2025-06-04,U0014,approved
R00880,U0040,E0219,Business need,2025-07-13,U0224,approved
R00881,U0254,E0356,Business need,2025-05-29,U0277,approved
R00882,U0072,E0033,Business need,2025-06-21,U0262,approved
R00883,U0156,E0569,Business need,2025-07-18,U0269,approved
R00884,U0226,E0385,Business need,2025-07-23,U0143,approved
R00885,U0153,E0627,Business need,2025-06-18,U0215,approved
R00886,U0274,E0231,Business need,2025-06-08,U0143,approved
R00887,U0211,E0226,Business need,2025-07-03,U0218,approved
R00888,U0231,E0545,Business need,2025-05-20,U0163,approved
R00889,U0184,E0280,Business need,2025-07-19,U0079,approved
R00890,U0133,E0212,Business need,2025-04-10,U0168,approved
R00891,U0115,E0133,Business need,2025-04-30,U0021,approved
R00892,U0147,E0272,Business need,2025-05-01,U0070,approved
R00893,U0083,E0403,Business need,2025-07-09,U0055,approved
R00894,U0183,E0670,Business need,2025-03-30,U0146,approved
R00895,U0104,E0021,Business need,2025-05-16,U0171,approved
R00896,U0271,E0446,Business need,2025-07-01,U0090,approved
R00897,U0271,E0139,Business need,2025-07-22,U0132,approved
R00898,U0055,E0213,Business need,2025-07-25,U0262,approved
R00899,U0202,E0242,Business need,2025-05-01,U0223,approved
R00900,U0033,E0311,Business need,2025-04-20,U0135,approved
R00901,U0199,E0275,Business need,2025-04-18,U0237,approved
R00902,U0173,E0661,Business need,2025-04-21,U0185,approved
R00903,U0044,E0631,Business need,2025-07-05,U0228,approved
R00904,U0014,E0386,Business need,2025-05-18,U0228,approved
R00905,U0058,E0158,Business need,2025-06-01,U0276,approved
R00906,U0104,E0456,Business need,2025-07-09,U0144,approved
R00907,U0288,E0090,Business need,2025-07-10,U0176,approved
R00908,U0292,E0045,Business need,2025-07-03,U0278,approved
R00909,U0258,E0547,Business need,2025-07-11,U0253,approved
R00910,U0258,E0095,Business need,2025-04-21,U0125,approved
R00911,U0188,E0227,Business need,2025-04-07,U0184,approved
R00912,U0129,E0565,Business need,2025-05-16,U0270,approved
R00913,U0180,E0272,Business need,2025-05-08,U0017,approved
R00914,U0140,E0742,Business need,2025-06-20,U0088,approved
R00915,U0266,E0531,Business need,2025-06-13,U0228,approved
R00916,U0045,E0362,Business need,2025-06-15,U0080,approved
R00917,U0019,E0275,Business need,2025-06-06,U0203,approved
R00918,U0046,E0513,Business need,2025-07-22,U0091,approved
R00919,U0229,E0071,Business need,2025-04-17,U0270,approved
R00920,U0230,E0626,Business need,2025-05-07,U0136,approved
R00921,U0011,E0584,Business need,2025-06-11,U0212,approved
R00922,U0069,E0139,Business need,2025-04-29,U0175,approved
R00923,U0030,E0647,Business need,2025-04-06,U0024,approved
R00924,U0268,E0601,Business need,2025-06-20,U0182,approved
R00925,U0189,E0197,Business need,2025-04-27,U0216,approved
R00926,U0060,E0216,Business need,2025-07-03,U0114,approved
R00927,U0283,E0572,Business need,2025-05-29,U0162,approved
R00928,U0036,E0662,Business need,2025-03-28,U0224,approved
R00929,U0085,E0441,Business need,2025-05-24,U0222,approved
R00930,U0160,E0070,Business need,2025-07-04,U0168,approved
R00931,U0149,E0570,Business need,2025-07-20,U0291,approved
R00932,U0102,E0029,Business need,2025-07-11,U0013,approved
R00933,U0151,E0613,Business need,2025-04-29,U0190,approved
R00934,U0167,E0293,Business need,2025-06-20,U0223,approved
R00935,U0289,E0216,Business need,2025-06-04,U0093,approved
R00936,U0222,E0279,Business need,2025-04-19,U0210,approved
R00937,U0244,E0498,Business need,2025-06-16,U0216,approved
R00938,U0017,E0603,Business need,2025-04-01,U0068,approved
R00939,U0049,E0377,Business need,2025-05-04,U0233,approved
R00940,U0011,E0118,Business need,2025-06-24,U0107,approved
R00941,U0134,E0277,Business need,2025-07-01,U0224,approved
R00942,U0080,E0338,Business need,2025-05-14,U0121,approved
R00943,U0088,E0687,Business need,2025-04-28,U0155,approved
R00944,U0048,E0440,Business need,2025-07-16,U0177,approved
R00945,U0191,E0391,Business need,2025-04-26,U0021,approved
R00946,U0105,E0735,Business need,2025-06-05,U0078,approved
R00947,U0179,E0710,Business need,2025-05-27,U0140,approved
R00948,U0168,E0405,Business need,2025-04-30,U0252,approved
R00949,U0160,E0556,Business need,2025-05-21,U0227,approved
R00950,U0169,E0007,Business need,2025-06-05,U0075,approved
R00951,U0152,E0243,Business need,2025-06-23,U0297,approved
R00952,U0187,E0557,Business need,2025-05-18,U0254,approved
R00953,U0076,E0001,Business need,2025-05-25,U0266,approved
R00954,U0086,E0747,Business need,2025-04-26,U0021,approved
R00955,U0124,E0337,Business need,2025-05-01,U0260,approved
R00956,U0222,E0481,Business need,2025-06-11,U0015,approved
R00957,U0117,E0729,Business need,2025-07-22,U0155,approved
R00958,U0177,E0086,Business need,2025-05-25,U0186,approved
R00959,U0280,E0416,Business need,2025-05-08,U0194,approved
R00960,U0213,E0201,Business need,2025-06-14,U0097,approved
R00961,U0080,E0071,Business need,2025-07-11,U0044,approved
R00962,U0282,E0353,Business need,2025-04-13,U0242,approved
R00963,U0113,E0677,Business need,2025-05-04,U0278,approved
R00964,U0118,E0126,Business need,2025-04-13,U0159,approved
R00965,U0160,E0283,Business need,2025-06-13,U0148,approved
R00966,U0072,E0715,Business need,2025-07-02,U0054,approved
R00967,U0210,E0438,Business need,2025-06-29,U0160,approved
R00968,U0234,E0429,Business need,2025-04-04,U0219,approved
R00969,U0236,E0428,Business need,2025-05-14,U0108,approved
R00970,U0203,E0694,Business need,2025-03-27,U0136,approved
R00971,U0205,E0687,Business need,2025-05-30,U0203,approved
R00972,U0259,E0551,Business need,2025-04-01,U0146,approved
R00973,U0050,E0267,Business need,2025-04-20,U0122,approved
R00974,U0263,E0602,Business need,2025-04-04,U0281,approved
R00975,U0178,E0032,Business need,2025-04-13,U0026,approved
R00976,U0044,E0135,Business need,2025-04-01,U0143,approved
R00977,U0295,E0072,Business need,2025-04-12,U0107,approved
R00978,U0181,E0587,Business need,2025-04-22,U0002,approved
R00979,U0122,E0340,Business need,2025-04-11,U0101,approved
R00980,U0149,E0598,Business need,2025-04-13,U0073,approved
R00981,U0133,E0570,Business need,2025-07-07,U0071,approved
R00982,U0158,E0068,Business need,2025-06-28,U0105,approved
R00983,U0224,E0326,Business need,2025-04-22,U0123,approved
R00984,U0168,E0038,Business need,2025-04-08,U0143,approved
R00985,U0104,E0416,Business need,2025-04-30,U0232,approved
R00986,U0183,E0126,Business need,2025-06-20,U0145,approved
R00987,U0196,E0521,Business need,2025-04-24,U0097,approved
R00988,U0232,E0030,Business need,2025-07-01,U0029,approved
R00989,U0017,E0493,Business need,2025-04-21,U0014,approved
R00990,U0264,E0066,Business need,2025-07-09,U0017,approved
R00991,U0049,E0261,Business need,2025-06-21,U0195,approved
R00992,U0114,E0171,Business need,2025-04-28,U0141,approved
R00993,U0056,E0704,Business need,2025-07-08,U0151,approved
R00994,U0133,E0065,Business need,2025-04-30,U0273,approved
R00995,U0014,E0599,Business need,2025-04-05,U0088,approved
R00996,U0243,E0295,Business need,2025-07-27,U0140,approved
R00997,U0121,E0141,Business need,2025-06-22,U0106,approved
R00998,U0121,E0740,Business need,2025-04-02,U0111,approved
R00999,U0269,E0583,Business need,2025-07-26,U0254,approved
R01000,U0077,E0134,Business need,2025-05-09,U0091,approved
